<?xml version="1.0" encoding="UTF-8" standalone="no" ?>
<PhysicalModelingXMLFile>

  <formatVersion>"1.0.4"</formatVersion>

  <internalVersion>1</internalVersion>

  <createdUsing>"Simscape Multibody Link Version 4.8"</createdUsing>

  <createdFrom>"SolidWorks 25.2.0"</createdFrom>

  <createdOn>"05/22/19||23:40:07"</createdOn>

  <createdBy>"No formal user defined!"</createdBy>

  <name>"jixie"</name>

  <SimscapeMultibody>
    <name>"jixie"</name>
    <nodeID>"jixie"</nodeID>
    <bodies>
      <Body>
        <name>"底座-1"</name>
        <nodeID>"底座-1"</nodeID>
        <status>""</status>
        <mass>56.6999</mass>
        <massUnits>"kg"</massUnits>
        <inertia>2.84818,0,0,0,3.97864,0,0,0,2.84818</inertia>
        <inertiaUnits>"kg*m^2"</inertiaUnits>
        <volume>0.0566999</volume>
        <volumeUnits>"m^3"</volumeUnits>
        <surfaceArea>2.26549</surfaceArea>
        <surfaceAreaUnits>"m^2"</surfaceAreaUnits>
        <frames>
          <Frame>
            <name>"CG"</name>
            <displayName>""</displayName>
            <nodeID>"底座-1::CG(AUTOGEN)"</nodeID>
            <position>-0.0320754,-0.0610289,0.8</position>
            <positionOrigin>"WORLD"</positionOrigin>
            <positionReferenceFrame>"WORLD"</positionReferenceFrame>
            <positionUnits>"m"</positionUnits>
            <orientation>1,0,0,0,1,0,0,0,1</orientation>
            <orientationType>"3x3 Transform"</orientationType>
            <orientationUnits>"rad"</orientationUnits>
            <orientationReferenceFrame>"WORLD"</orientationReferenceFrame>
          </Frame>
          <Frame>
            <name>"CS1"</name>
            <displayName>""</displayName>
            <nodeID>"底座-1::CS1(AUTOGEN)"</nodeID>
            <position>-0.0320754,-0.251519,0.8</position>
            <positionOrigin>"WORLD"</positionOrigin>
            <positionReferenceFrame>"WORLD"</positionReferenceFrame>
            <positionUnits>"m"</positionUnits>
            <orientation>1,0,0,0,1,0,0,0,1</orientation>
            <orientationType>"3x3 Transform"</orientationType>
            <orientationUnits>"rad"</orientationUnits>
            <orientationReferenceFrame>"WORLD"</orientationReferenceFrame>
          </Frame>
          <Frame ref="2">
            <name>"CS2"</name>
            <displayName>""</displayName>
            <nodeID>"jixie/RootPart:-:底座-1::底座-1(AUTOGEN)"</nodeID>
            <position>-0.0320754,-0.0610289,0.8</position>
            <positionOrigin>"WORLD"</positionOrigin>
            <positionReferenceFrame>"WORLD"</positionReferenceFrame>
            <positionUnits>"m"</positionUnits>
            <orientation>1,0,0,0,1,0,0,0,1</orientation>
            <orientationType>"3x3 Transform"</orientationType>
            <orientationUnits>"rad"</orientationUnits>
            <orientationReferenceFrame>"WORLD"</orientationReferenceFrame>
          </Frame>
          <Frame ref="13">
            <name>"CS3"</name>
            <displayName>""</displayName>
            <nodeID>"1-1:-:底座-1::底座-1(AUTOGEN)"</nodeID>
            <position>-0.0320754,0.133481,0.8</position>
            <positionOrigin>"WORLD"</positionOrigin>
            <positionReferenceFrame>"WORLD"</positionReferenceFrame>
            <positionUnits>"m"</positionUnits>
            <orientation>1,0,0,0,1,0,0,0,1</orientation>
            <orientationType>"3x3 Transform"</orientationType>
            <orientationUnits>"rad"</orientationUnits>
            <orientationReferenceFrame>"WORLD"</orientationReferenceFrame>
          </Frame>
        </frames>
        <geometryFileName>"jixie - 底座-1.STL"</geometryFileName>
        <MaterialProp>
          <color>1,1,1</color>
          <ambient>1</ambient>
          <diffuse>1</diffuse>
          <specular>0.88</specular>
          <shininess>0.21</shininess>
          <transparency>0</transparency>
          <emission>0.21</emission>
        </MaterialProp>
      </Body>
      <Body>
        <name>"RootPart"</name>
        <nodeID>"jixie/RootPart"</nodeID>
        <status>""</status>
        <mass>0</mass>
        <massUnits>"kg"</massUnits>
        <inertia>0,0,0,0,0,0,0,0,0</inertia>
        <inertiaUnits>"kg*m^2"</inertiaUnits>
        <volume>0</volume>
        <volumeUnits>"m^3"</volumeUnits>
        <surfaceArea>0</surfaceArea>
        <surfaceAreaUnits>"m^2"</surfaceAreaUnits>
        <frames>
          <Frame>
            <name>"CG"</name>
            <displayName>""</displayName>
            <nodeID>"jixie/RootPart::CG(AUTOGEN)"</nodeID>
            <position>-0.0192605,0.28365,0.806639</position>
            <positionOrigin>"WORLD"</positionOrigin>
            <positionReferenceFrame>"WORLD"</positionReferenceFrame>
            <positionUnits>"m"</positionUnits>
            <orientation>1,0,0,0,1,0,0,0,1</orientation>
            <orientationType>"3x3 Transform"</orientationType>
            <orientationUnits>"rad"</orientationUnits>
            <orientationReferenceFrame>"WORLD"</orientationReferenceFrame>
          </Frame>
          <Frame>
            <name>"CS1"</name>
            <displayName>""</displayName>
            <nodeID>"jixie/RootPart::CS1(AUTOGEN)"</nodeID>
            <position>0,0,0</position>
            <positionOrigin>"WORLD"</positionOrigin>
            <positionReferenceFrame>"WORLD"</positionReferenceFrame>
            <positionUnits>"m"</positionUnits>
            <orientation>1,0,0,0,1,0,0,0,1</orientation>
            <orientationType>"3x3 Transform"</orientationType>
            <orientationUnits>"rad"</orientationUnits>
            <orientationReferenceFrame>"WORLD"</orientationReferenceFrame>
          </Frame>
          <Frame ref="1">
            <name>"CS2"</name>
            <displayName>""</displayName>
            <nodeID>"jixie/RootPart:-:底座-1::jixie/RootPart(AUTOGEN)"</nodeID>
            <position>-0.0320754,-0.0610289,0.8</position>
            <positionOrigin>"WORLD"</positionOrigin>
            <positionReferenceFrame>"WORLD"</positionReferenceFrame>
            <positionUnits>"m"</positionUnits>
            <orientation>1,0,0,0,1,0,0,0,1</orientation>
            <orientationType>"3x3 Transform"</orientationType>
            <orientationUnits>"rad"</orientationUnits>
            <orientationReferenceFrame>"WORLD"</orientationReferenceFrame>
          </Frame>
          <Frame ref="16">
            <name>"CS3"</name>
            <displayName>""</displayName>
            <nodeID>"RootGround:-:jixie/RootPart::jixie/RootPart(AUTOGEN)"</nodeID>
            <position>-0.0192605,0.28365,0.806639</position>
            <positionOrigin>"WORLD"</positionOrigin>
            <positionReferenceFrame>"WORLD"</positionReferenceFrame>
            <positionUnits>"m"</positionUnits>
            <orientation>1,0,0,0,1,0,0,0,1</orientation>
            <orientationType>"3x3 Transform"</orientationType>
            <orientationUnits>"rad"</orientationUnits>
            <orientationReferenceFrame>"WORLD"</orientationReferenceFrame>
          </Frame>
        </frames>
        <geometryFileName>""</geometryFileName>
      </Body>
      <Body>
        <name>"4-1"</name>
        <nodeID>"4-1"</nodeID>
        <status>""</status>
        <mass>4.12241</mass>
        <massUnits>"kg"</massUnits>
        <inertia>0.223337,1.29774e-009,-1.72999e-008,1.29774e-009,0.00380195,1.5617e-008,-1.72999e-008,1.5617e-008,0.223494</inertia>
        <inertiaUnits>"kg*m^2"</inertiaUnits>
        <volume>0.00412241</volume>
        <volumeUnits>"m^3"</volumeUnits>
        <surfaceArea>0.235783</surfaceArea>
        <surfaceAreaUnits>"m^2"</surfaceAreaUnits>
        <frames>
          <Frame>
            <name>"CG"</name>
            <displayName>""</displayName>
            <nodeID>"4-1::CG(AUTOGEN)"</nodeID>
            <position>1.14774,1.06768,0.338491</position>
            <positionOrigin>"WORLD"</positionOrigin>
            <positionReferenceFrame>"WORLD"</positionReferenceFrame>
            <positionUnits>"m"</positionUnits>
            <orientation>-0.470465,-0.669812,-0.574468,0.874918,-0.269377,-0.402436,0.114809,-0.691945,0.712763</orientation>
            <orientationType>"3x3 Transform"</orientationType>
            <orientationUnits>"rad"</orientationUnits>
            <orientationReferenceFrame>"WORLD"</orientationReferenceFrame>
          </Frame>
          <Frame>
            <name>"CS1"</name>
            <displayName>""</displayName>
            <nodeID>"4-1::CS1(AUTOGEN)"</nodeID>
            <position>0.803425,1.17369,0.496865</position>
            <positionOrigin>"WORLD"</positionOrigin>
            <positionReferenceFrame>"WORLD"</positionReferenceFrame>
            <positionUnits>"m"</positionUnits>
            <orientation>-0.470465,-0.669812,-0.574468,0.874918,-0.269377,-0.402436,0.114809,-0.691945,0.712763</orientation>
            <orientationType>"3x3 Transform"</orientationType>
            <orientationUnits>"rad"</orientationUnits>
            <orientationReferenceFrame>"WORLD"</orientationReferenceFrame>
          </Frame>
          <Frame ref="3">
            <name>"CS2"</name>
            <displayName>""</displayName>
            <nodeID>"4-1:-:5-1::4-1(AUTOGEN)"</nodeID>
            <position>1.47876,1.0065,0.225774</position>
            <positionOrigin>"WORLD"</positionOrigin>
            <positionReferenceFrame>"WORLD"</positionReferenceFrame>
            <positionUnits>"m"</positionUnits>
            <orientation>1,0,0,0,1,0,0,0,1</orientation>
            <orientationType>"3x3 Transform"</orientationType>
            <orientationUnits>"rad"</orientationUnits>
            <orientationReferenceFrame>"WORLD"</orientationReferenceFrame>
          </Frame>
          <Frame ref="6">
            <name>"CS3"</name>
            <displayName>""</displayName>
            <nodeID>"3-1:-:4-1::4-1(AUTOGEN)"</nodeID>
            <position>0.816549,1.16965,0.490829</position>
            <positionOrigin>"WORLD"</positionOrigin>
            <positionReferenceFrame>"WORLD"</positionReferenceFrame>
            <positionUnits>"m"</positionUnits>
            <orientation>1,0,0,0,1,0,0,0,1</orientation>
            <orientationType>"3x3 Transform"</orientationType>
            <orientationUnits>"rad"</orientationUnits>
            <orientationReferenceFrame>"WORLD"</orientationReferenceFrame>
          </Frame>
        </frames>
        <geometryFileName>"jixie - 4-1.STL"</geometryFileName>
        <MaterialProp>
          <color>1,1,1</color>
          <ambient>1</ambient>
          <diffuse>1</diffuse>
          <specular>0.88</specular>
          <shininess>0.21</shininess>
          <transparency>0</transparency>
          <emission>0.21</emission>
        </MaterialProp>
      </Body>
      <Body>
        <name>"1-1"</name>
        <nodeID>"1-1"</nodeID>
        <status>""</status>
        <mass>74.2657</mass>
        <massUnits>"kg"</massUnits>
        <inertia>3.85447,-0.0856512,0.0617582,-0.0856512,3.59087,1.25819,0.0617582,1.25819,2.72467</inertia>
        <inertiaUnits>"kg*m^2"</inertiaUnits>
        <volume>0.0742657</volume>
        <volumeUnits>"m^3"</volumeUnits>
        <surfaceArea>1.39666</surfaceArea>
        <surfaceAreaUnits>"m^2"</surfaceAreaUnits>
        <frames>
          <Frame>
            <name>"CG"</name>
            <displayName>""</displayName>
            <nodeID>"1-1::CG(AUTOGEN)"</nodeID>
            <position>-0.146249,0.290622,0.848371</position>
            <positionOrigin>"WORLD"</positionOrigin>
            <positionReferenceFrame>"WORLD"</positionReferenceFrame>
            <positionUnits>"m"</positionUnits>
            <orientation>-0.417883,0,-0.908501,0,1,0,0.908501,0,-0.417883</orientation>
            <orientationType>"3x3 Transform"</orientationType>
            <orientationUnits>"rad"</orientationUnits>
            <orientationReferenceFrame>"WORLD"</orientationReferenceFrame>
          </Frame>
          <Frame>
            <name>"CS1"</name>
            <displayName>""</displayName>
            <nodeID>"1-1::CS1(AUTOGEN)"</nodeID>
            <position>-0.0320754,0.0834813,0.8</position>
            <positionOrigin>"WORLD"</positionOrigin>
            <positionReferenceFrame>"WORLD"</positionReferenceFrame>
            <positionUnits>"m"</positionUnits>
            <orientation>-0.417883,0,-0.908501,0,1,0,0.908501,0,-0.417883</orientation>
            <orientationType>"3x3 Transform"</orientationType>
            <orientationUnits>"rad"</orientationUnits>
            <orientationReferenceFrame>"WORLD"</orientationReferenceFrame>
          </Frame>
          <Frame ref="7">
            <name>"CS2"</name>
            <displayName>""</displayName>
            <nodeID>"1-1:-:2-1::1-1(AUTOGEN)"</nodeID>
            <position>-0.293543,0.597736,1.05647</position>
            <positionOrigin>"WORLD"</positionOrigin>
            <positionReferenceFrame>"WORLD"</positionReferenceFrame>
            <positionUnits>"m"</positionUnits>
            <orientation>1,0,0,0,1,0,0,0,1</orientation>
            <orientationType>"3x3 Transform"</orientationType>
            <orientationUnits>"rad"</orientationUnits>
            <orientationReferenceFrame>"WORLD"</orientationReferenceFrame>
          </Frame>
          <Frame ref="14">
            <name>"CS3"</name>
            <displayName>""</displayName>
            <nodeID>"1-1:-:底座-1::1-1(AUTOGEN)"</nodeID>
            <position>-0.0320754,0.133481,0.8</position>
            <positionOrigin>"WORLD"</positionOrigin>
            <positionReferenceFrame>"WORLD"</positionReferenceFrame>
            <positionUnits>"m"</positionUnits>
            <orientation>1,0,0,0,1,0,0,0,1</orientation>
            <orientationType>"3x3 Transform"</orientationType>
            <orientationUnits>"rad"</orientationUnits>
            <orientationReferenceFrame>"WORLD"</orientationReferenceFrame>
          </Frame>
        </frames>
        <geometryFileName>"jixie - 1-1.STL"</geometryFileName>
        <MaterialProp>
          <color>1,1,1</color>
          <ambient>1</ambient>
          <diffuse>1</diffuse>
          <specular>0.88</specular>
          <shininess>0.21</shininess>
          <transparency>0</transparency>
          <emission>0.21</emission>
        </MaterialProp>
      </Body>
      <Body>
        <name>"2-1"</name>
        <nodeID>"2-1"</nodeID>
        <status>""</status>
        <mass>22.78</mass>
        <massUnits>"kg"</massUnits>
        <inertia>0.079769,0.00227185,-1.14508e-010,0.00227185,3.35351,7.5332e-011,-1.14508e-010,7.5332e-011,3.32969</inertia>
        <inertiaUnits>"kg*m^2"</inertiaUnits>
        <volume>0.02278</volume>
        <volumeUnits>"m^3"</volumeUnits>
        <surfaceArea>0.827248</surfaceArea>
        <surfaceAreaUnits>"m^2"</surfaceAreaUnits>
        <frames>
          <Frame>
            <name>"CG"</name>
            <displayName>""</displayName>
            <nodeID>"2-1::CG(AUTOGEN)"</nodeID>
            <position>0.0773627,0.866968,0.830617</position>
            <positionOrigin>"WORLD"</positionOrigin>
            <positionReferenceFrame>"WORLD"</positionReferenceFrame>
            <positionUnits>"m"</positionUnits>
            <orientation>0.770697,0.529487,-0.354498,-0.417883,0,-0.908501,-0.48104,0.848318,0.221264</orientation>
            <orientationType>"3x3 Transform"</orientationType>
            <orientationUnits>"rad"</orientationUnits>
            <orientationReferenceFrame>"WORLD"</orientationReferenceFrame>
          </Frame>
          <Frame>
            <name>"CS1"</name>
            <displayName>""</displayName>
            <nodeID>"2-1::CS1(AUTOGEN)"</nodeID>
            <position>-0.293543,0.597736,1.05647</position>
            <positionOrigin>"WORLD"</positionOrigin>
            <positionReferenceFrame>"WORLD"</positionReferenceFrame>
            <positionUnits>"m"</positionUnits>
            <orientation>0.770697,0.529487,-0.354498,-0.417883,0,-0.908501,-0.48104,0.848318,0.221264</orientation>
            <orientationType>"3x3 Transform"</orientationType>
            <orientationUnits>"rad"</orientationUnits>
            <orientationReferenceFrame>"WORLD"</orientationReferenceFrame>
          </Frame>
          <Frame ref="8">
            <name>"CS2"</name>
            <displayName>""</displayName>
            <nodeID>"1-1:-:2-1::2-1(AUTOGEN)"</nodeID>
            <position>-0.293543,0.597736,1.05647</position>
            <positionOrigin>"WORLD"</positionOrigin>
            <positionReferenceFrame>"WORLD"</positionReferenceFrame>
            <positionUnits>"m"</positionUnits>
            <orientation>1,0,0,0,1,0,0,0,1</orientation>
            <orientationType>"3x3 Transform"</orientationType>
            <orientationUnits>"rad"</orientationUnits>
            <orientationReferenceFrame>"WORLD"</orientationReferenceFrame>
          </Frame>
          <Frame ref="9">
            <name>"CS3"</name>
            <displayName>""</displayName>
            <nodeID>"2-1:-:3-1::2-1(AUTOGEN)"</nodeID>
            <position>0.635472,1.23312,0.640161</position>
            <positionOrigin>"WORLD"</positionOrigin>
            <positionReferenceFrame>"WORLD"</positionReferenceFrame>
            <positionUnits>"m"</positionUnits>
            <orientation>1,0,0,0,1,0,0,0,1</orientation>
            <orientationType>"3x3 Transform"</orientationType>
            <orientationUnits>"rad"</orientationUnits>
            <orientationReferenceFrame>"WORLD"</orientationReferenceFrame>
          </Frame>
        </frames>
        <geometryFileName>"jixie - 2-1.STL"</geometryFileName>
        <MaterialProp>
          <color>1,1,1</color>
          <ambient>1</ambient>
          <diffuse>1</diffuse>
          <specular>0.88</specular>
          <shininess>0.21</shininess>
          <transparency>0</transparency>
          <emission>0.21</emission>
        </MaterialProp>
      </Body>
      <Body>
        <name>"3-1"</name>
        <nodeID>"3-1"</nodeID>
        <status>""</status>
        <mass>1.71332</mass>
        <massUnits>"kg"</massUnits>
        <inertia>0.00470154,0,0,0,0.0166701,0,0,0,0.0142006</inertia>
        <inertiaUnits>"kg*m^2"</inertiaUnits>
        <volume>0.00171332</volume>
        <volumeUnits>"m^3"</volumeUnits>
        <surfaceArea>0.158674</surfaceArea>
        <surfaceAreaUnits>"m^2"</surfaceAreaUnits>
        <frames>
          <Frame>
            <name>"CG"</name>
            <displayName>""</displayName>
            <nodeID>"3-1::CG(AUTOGEN)"</nodeID>
            <position>0.679047,1.21198,0.554076</position>
            <positionOrigin>"WORLD"</positionOrigin>
            <positionReferenceFrame>"WORLD"</positionReferenceFrame>
            <positionUnits>"m"</positionUnits>
            <orientation>0.874918,-0.269377,-0.402436,0.244729,0.963035,-0.112568,0.417883,0,0.908501</orientation>
            <orientationType>"3x3 Transform"</orientationType>
            <orientationUnits>"rad"</orientationUnits>
            <orientationReferenceFrame>"WORLD"</orientationReferenceFrame>
          </Frame>
          <Frame>
            <name>"CS1"</name>
            <displayName>""</displayName>
            <nodeID>"3-1::CS1(AUTOGEN)"</nodeID>
            <position>0.585326,1.23312,0.531141</position>
            <positionOrigin>"WORLD"</positionOrigin>
            <positionReferenceFrame>"WORLD"</positionReferenceFrame>
            <positionUnits>"m"</positionUnits>
            <orientation>0.874918,-0.269377,-0.402436,0.244729,0.963035,-0.112568,0.417883,0,0.908501</orientation>
            <orientationType>"3x3 Transform"</orientationType>
            <orientationUnits>"rad"</orientationUnits>
            <orientationReferenceFrame>"WORLD"</orientationReferenceFrame>
          </Frame>
          <Frame ref="5">
            <name>"CS2"</name>
            <displayName>""</displayName>
            <nodeID>"3-1:-:4-1::3-1(AUTOGEN)"</nodeID>
            <position>0.816549,1.16965,0.490829</position>
            <positionOrigin>"WORLD"</positionOrigin>
            <positionReferenceFrame>"WORLD"</positionReferenceFrame>
            <positionUnits>"m"</positionUnits>
            <orientation>1,0,0,0,1,0,0,0,1</orientation>
            <orientationType>"3x3 Transform"</orientationType>
            <orientationUnits>"rad"</orientationUnits>
            <orientationReferenceFrame>"WORLD"</orientationReferenceFrame>
          </Frame>
          <Frame ref="10">
            <name>"CS3"</name>
            <displayName>""</displayName>
            <nodeID>"2-1:-:3-1::3-1(AUTOGEN)"</nodeID>
            <position>0.635472,1.23312,0.640161</position>
            <positionOrigin>"WORLD"</positionOrigin>
            <positionReferenceFrame>"WORLD"</positionReferenceFrame>
            <positionUnits>"m"</positionUnits>
            <orientation>1,0,0,0,1,0,0,0,1</orientation>
            <orientationType>"3x3 Transform"</orientationType>
            <orientationUnits>"rad"</orientationUnits>
            <orientationReferenceFrame>"WORLD"</orientationReferenceFrame>
          </Frame>
        </frames>
        <geometryFileName>"jixie - 3-1.STL"</geometryFileName>
        <MaterialProp>
          <color>1,1,1</color>
          <ambient>1</ambient>
          <diffuse>1</diffuse>
          <specular>0.88</specular>
          <shininess>0.21</shininess>
          <transparency>0</transparency>
          <emission>0.21</emission>
        </MaterialProp>
      </Body>
      <Body>
        <name>"5-1"</name>
        <nodeID>"5-1"</nodeID>
        <status>""</status>
        <mass>0.30265</mass>
        <massUnits>"kg"</massUnits>
        <inertia>0.000520235,0,0,0,0.00103997,0,0,0,0.00129048</inertia>
        <inertiaUnits>"kg*m^2"</inertiaUnits>
        <volume>0.00030265</volume>
        <volumeUnits>"m^3"</volumeUnits>
        <surfaceArea>0.096228</surfaceArea>
        <surfaceAreaUnits>"m^2"</surfaceAreaUnits>
        <frames>
          <Frame>
            <name>"CG"</name>
            <displayName>""</displayName>
            <nodeID>"5-1::CG(AUTOGEN)"</nodeID>
            <position>1.47981,0.985387,0.162495</position>
            <positionOrigin>"WORLD"</positionOrigin>
            <positionReferenceFrame>"WORLD"</positionReferenceFrame>
            <positionUnits>"m"</positionUnits>
            <orientation>0.556183,0.280334,-0.782351,0.470465,0.669812,0.574468,0.685072,-0.687578,0.240651</orientation>
            <orientationType>"3x3 Transform"</orientationType>
            <orientationUnits>"rad"</orientationUnits>
            <orientationReferenceFrame>"WORLD"</orientationReferenceFrame>
          </Frame>
          <Frame>
            <name>"CS1"</name>
            <displayName>""</displayName>
            <nodeID>"5-1::CS1(AUTOGEN)"</nodeID>
            <position>1.43172,0.939514,0.168327</position>
            <positionOrigin>"WORLD"</positionOrigin>
            <positionReferenceFrame>"WORLD"</positionReferenceFrame>
            <positionUnits>"m"</positionUnits>
            <orientation>0.556183,0.280334,-0.782351,0.470465,0.669812,0.574468,0.685072,-0.687578,0.240651</orientation>
            <orientationType>"3x3 Transform"</orientationType>
            <orientationUnits>"rad"</orientationUnits>
            <orientationReferenceFrame>"WORLD"</orientationReferenceFrame>
          </Frame>
          <Frame ref="4">
            <name>"CS2"</name>
            <displayName>""</displayName>
            <nodeID>"4-1:-:5-1::5-1(AUTOGEN)"</nodeID>
            <position>1.47876,1.0065,0.225774</position>
            <positionOrigin>"WORLD"</positionOrigin>
            <positionReferenceFrame>"WORLD"</positionReferenceFrame>
            <positionUnits>"m"</positionUnits>
            <orientation>1,0,0,0,1,0,0,0,1</orientation>
            <orientationType>"3x3 Transform"</orientationType>
            <orientationUnits>"rad"</orientationUnits>
            <orientationReferenceFrame>"WORLD"</orientationReferenceFrame>
          </Frame>
          <Frame ref="11">
            <name>"CS3"</name>
            <displayName>""</displayName>
            <nodeID>"5-1:-:6-1::5-1(AUTOGEN)"</nodeID>
            <position>1.52587,1.00861,0.0976915</position>
            <positionOrigin>"WORLD"</positionOrigin>
            <positionReferenceFrame>"WORLD"</positionReferenceFrame>
            <positionUnits>"m"</positionUnits>
            <orientation>1,0,0,0,1,0,0,0,1</orientation>
            <orientationType>"3x3 Transform"</orientationType>
            <orientationUnits>"rad"</orientationUnits>
            <orientationReferenceFrame>"WORLD"</orientationReferenceFrame>
          </Frame>
        </frames>
        <geometryFileName>"jixie - 5-1.STL"</geometryFileName>
        <MaterialProp>
          <color>1,1,1</color>
          <ambient>1</ambient>
          <diffuse>1</diffuse>
          <specular>0.88</specular>
          <shininess>0.21</shininess>
          <transparency>0</transparency>
          <emission>0.21</emission>
        </MaterialProp>
      </Body>
      <Body>
        <name>"6-1"</name>
        <nodeID>"6-1"</nodeID>
        <status>""</status>
        <mass>0.95054</mass>
        <massUnits>"kg"</massUnits>
        <inertia>0.00178435,0,0,0,0.00943454,0,0,0,0.0101864</inertia>
        <inertiaUnits>"kg*m^2"</inertiaUnits>
        <volume>0.00095054</volume>
        <volumeUnits>"m^3"</volumeUnits>
        <surfaceArea>0.105679</surfaceArea>
        <surfaceAreaUnits>"m^2"</surfaceAreaUnits>
        <frames>
          <Frame>
            <name>"CG"</name>
            <displayName>""</displayName>
            <nodeID>"6-1::CG(AUTOGEN)"</nodeID>
            <position>1.55402,1.0228,0.0580951</position>
            <positionOrigin>"WORLD"</positionOrigin>
            <positionReferenceFrame>"WORLD"</positionReferenceFrame>
            <positionUnits>"m"</positionUnits>
            <orientation>0.830894,-0.206384,0.51674,-0.556183,-0.280334,0.782351,-0.0166046,-0.937453,-0.347715</orientation>
            <orientationType>"3x3 Transform"</orientationType>
            <orientationUnits>"rad"</orientationUnits>
            <orientationReferenceFrame>"WORLD"</orientationReferenceFrame>
          </Frame>
          <Frame>
            <name>"CS1"</name>
            <displayName>""</displayName>
            <nodeID>"6-1::CS1(AUTOGEN)"</nodeID>
            <position>1.52587,1.00861,0.0976915</position>
            <positionOrigin>"WORLD"</positionOrigin>
            <positionReferenceFrame>"WORLD"</positionReferenceFrame>
            <positionUnits>"m"</positionUnits>
            <orientation>0.830894,-0.206384,0.51674,-0.556183,-0.280334,0.782351,-0.0166046,-0.937453,-0.347715</orientation>
            <orientationType>"3x3 Transform"</orientationType>
            <orientationUnits>"rad"</orientationUnits>
            <orientationReferenceFrame>"WORLD"</orientationReferenceFrame>
          </Frame>
          <Frame ref="12">
            <name>"CS2"</name>
            <displayName>""</displayName>
            <nodeID>"5-1:-:6-1::6-1(AUTOGEN)"</nodeID>
            <position>1.52587,1.00861,0.0976915</position>
            <positionOrigin>"WORLD"</positionOrigin>
            <positionReferenceFrame>"WORLD"</positionReferenceFrame>
            <positionUnits>"m"</positionUnits>
            <orientation>1,0,0,0,1,0,0,0,1</orientation>
            <orientationType>"3x3 Transform"</orientationType>
            <orientationUnits>"rad"</orientationUnits>
            <orientationReferenceFrame>"WORLD"</orientationReferenceFrame>
          </Frame>
        </frames>
        <geometryFileName>"jixie - 6-1.STL"</geometryFileName>
        <MaterialProp>
          <color>1,1,1</color>
          <ambient>1</ambient>
          <diffuse>1</diffuse>
          <specular>0.88</specular>
          <shininess>0.21</shininess>
          <transparency>0</transparency>
          <emission>0.21</emission>
        </MaterialProp>
      </Body>
    </bodies>
    <joints>
      <SimpleJoint>
        <name>"RootPart--底座-1"</name>
        <nodeID>"jixie/RootPart:-:底座-1"</nodeID>
        <status>""</status>
        <base>
          <JointSide>
            <name>""</name>
            <connection>
              <Frame ref="1"></Frame>
            </connection>
          </JointSide>
        </base>
        <follower>
          <JointSide>
            <name>""</name>
            <connection>
              <Frame ref="2"></Frame>
            </connection>
          </JointSide>
        </follower>
        <primitives>
          <Primitive>
            <name>"weld"</name>
            <nodeID>""</nodeID>
            <referenceFrame>"WORLD"</referenceFrame>
            <axis>0.57735,0.57735,0.57735</axis>
          </Primitive>
        </primitives>
      </SimpleJoint>
      <SimpleJoint>
        <name>"4-1--5-1"</name>
        <nodeID>"4-1:-:5-1"</nodeID>
        <status>""</status>
        <base>
          <JointSide>
            <name>""</name>
            <connection>
              <Frame ref="3"></Frame>
            </connection>
          </JointSide>
        </base>
        <follower>
          <JointSide>
            <name>""</name>
            <connection>
              <Frame ref="4"></Frame>
            </connection>
          </JointSide>
        </follower>
        <primitives>
          <Primitive>
            <name>"revolute"</name>
            <nodeID>""</nodeID>
            <referenceFrame>"WORLD"</referenceFrame>
            <axis>-0.470465,-0.669812,-0.574468</axis>
          </Primitive>
        </primitives>
      </SimpleJoint>
      <SimpleJoint>
        <name>"3-1--4-1"</name>
        <nodeID>"3-1:-:4-1"</nodeID>
        <status>""</status>
        <base>
          <JointSide>
            <name>""</name>
            <connection>
              <Frame ref="5"></Frame>
            </connection>
          </JointSide>
        </base>
        <follower>
          <JointSide>
            <name>""</name>
            <connection>
              <Frame ref="6"></Frame>
            </connection>
          </JointSide>
        </follower>
        <primitives>
          <Primitive>
            <name>"revolute"</name>
            <nodeID>""</nodeID>
            <referenceFrame>"WORLD"</referenceFrame>
            <axis>-0.874918,0.269377,0.402436</axis>
          </Primitive>
        </primitives>
      </SimpleJoint>
      <SimpleJoint>
        <name>"1-1--2-1"</name>
        <nodeID>"1-1:-:2-1"</nodeID>
        <status>""</status>
        <base>
          <JointSide>
            <name>""</name>
            <connection>
              <Frame ref="7"></Frame>
            </connection>
          </JointSide>
        </base>
        <follower>
          <JointSide>
            <name>""</name>
            <connection>
              <Frame ref="8"></Frame>
            </connection>
          </JointSide>
        </follower>
        <primitives>
          <Primitive>
            <name>"revolute"</name>
            <nodeID>""</nodeID>
            <referenceFrame>"WORLD"</referenceFrame>
            <axis>0.417883,0,0.908501</axis>
          </Primitive>
        </primitives>
      </SimpleJoint>
      <SimpleJoint>
        <name>"2-1--3-1"</name>
        <nodeID>"2-1:-:3-1"</nodeID>
        <status>""</status>
        <base>
          <JointSide>
            <name>""</name>
            <connection>
              <Frame ref="9"></Frame>
            </connection>
          </JointSide>
        </base>
        <follower>
          <JointSide>
            <name>""</name>
            <connection>
              <Frame ref="10"></Frame>
            </connection>
          </JointSide>
        </follower>
        <primitives>
          <Primitive>
            <name>"revolute"</name>
            <nodeID>""</nodeID>
            <referenceFrame>"WORLD"</referenceFrame>
            <axis>0.417883,0,0.908501</axis>
          </Primitive>
        </primitives>
      </SimpleJoint>
      <SimpleJoint>
        <name>"5-1--6-1"</name>
        <nodeID>"5-1:-:6-1"</nodeID>
        <status>""</status>
        <base>
          <JointSide>
            <name>""</name>
            <connection>
              <Frame ref="11"></Frame>
            </connection>
          </JointSide>
        </base>
        <follower>
          <JointSide>
            <name>""</name>
            <connection>
              <Frame ref="12"></Frame>
            </connection>
          </JointSide>
        </follower>
        <primitives>
          <Primitive>
            <name>"revolute"</name>
            <nodeID>""</nodeID>
            <referenceFrame>"WORLD"</referenceFrame>
            <axis>-0.556183,-0.280334,0.782351</axis>
          </Primitive>
        </primitives>
      </SimpleJoint>
      <SimpleJoint>
        <name>"底座-1--1-1"</name>
        <nodeID>"1-1:-:底座-1"</nodeID>
        <status>""</status>
        <base>
          <JointSide>
            <name>""</name>
            <connection>
              <Frame ref="13"></Frame>
            </connection>
          </JointSide>
        </base>
        <follower>
          <JointSide>
            <name>""</name>
            <connection>
              <Frame ref="14"></Frame>
            </connection>
          </JointSide>
        </follower>
        <primitives>
          <Primitive>
            <name>"revolute"</name>
            <nodeID>""</nodeID>
            <referenceFrame>"WORLD"</referenceFrame>
            <axis>0,-1,0</axis>
          </Primitive>
        </primitives>
      </SimpleJoint>
      <SimpleJoint>
        <name>"RootGround--RootPart"</name>
        <nodeID>"RootGround:-:jixie/RootPart"</nodeID>
        <status>""</status>
        <base>
          <JointSide>
            <name>""</name>
            <connection>
              <Frame ref="15"></Frame>
            </connection>
          </JointSide>
        </base>
        <follower>
          <JointSide>
            <name>""</name>
            <connection>
              <Frame ref="16"></Frame>
            </connection>
          </JointSide>
        </follower>
        <primitives>
          <Primitive>
            <name>"weld"</name>
            <nodeID>""</nodeID>
            <referenceFrame>"WORLD"</referenceFrame>
            <axis>0.57735,0.57735,0.57735</axis>
          </Primitive>
        </primitives>
      </SimpleJoint>
    </joints>
    <grounds>
      <Ground>
        <name>"RootGround"</name>
        <nodeID>"RootGround"</nodeID>
        <status>""</status>
        <frame>
          <Frame ref="15">
            <name>"CS1"</name>
            <displayName>""</displayName>
            <nodeID>"RootGround:-:jixie/RootPart::RootGround(AUTOGEN)"</nodeID>
            <position>-0.0192605,0.28365,0.806639</position>
            <positionOrigin>"WORLD"</positionOrigin>
            <positionReferenceFrame>"WORLD"</positionReferenceFrame>
            <positionUnits>"m"</positionUnits>
            <orientation>1,0,0,0,1,0,0,0,1</orientation>
            <orientationType>"3x3 Transform"</orientationType>
            <orientationUnits>"rad"</orientationUnits>
            <orientationReferenceFrame>"WORLD"</orientationReferenceFrame>
          </Frame>
        </frame>
      </Ground>
    </grounds>
    <subsystems></subsystems>
    <connectionPorts></connectionPorts>
    <id>0</id>
  </SimscapeMultibody>

</PhysicalModelingXMLFile>
