<?xml version="1.0" encoding="UTF-8" standalone="no" ?>
<PhysicalModelingXMLFile>

  <formatVersion>"1.0.4"</formatVersion>

  <internalVersion>1</internalVersion>

  <createdUsing>"Simscape Multibody Link Version 5.0"</createdUsing>

  <createdFrom>"SolidWorks 25.0.0"</createdFrom>

  <createdOn>"12/22/17||11:22:33"</createdOn>

  <createdBy>"No formal user defined!"</createdBy>

  <name>"ROBOT4"</name>

  <SimscapeMultibody>
    <name>"ROBOT4"</name>
    <nodeID>"ROBOT4"</nodeID>
    <bodies>
      <Body>
        <name>"Link2-1"</name>
        <nodeID>"Link2-1"</nodeID>
        <status>""</status>
        <mass>15.1518</mass>
        <massUnits>"kg"</massUnits>
        <inertia>0.614194,-0.00012408,2.07767e-005,-0.00012408,0.151653,3.7792e-006,2.07767e-005,3.7792e-006,0.703306</inertia>
        <inertiaUnits>"kg*m^2"</inertiaUnits>
        <volume>0.0151518</volume>
        <volumeUnits>"m^3"</volumeUnits>
        <surfaceArea>0.775788</surfaceArea>
        <surfaceAreaUnits>"m^2"</surfaceAreaUnits>
        <frames>
          <Frame>
            <name>"CG"</name>
            <displayName>""</displayName>
            <nodeID>"Link2-1::CG(AUTOGEN)"</nodeID>
            <position>0.293105,0.676583,0.341751</position>
            <positionOrigin>"WORLD"</positionOrigin>
            <positionReferenceFrame>"WORLD"</positionReferenceFrame>
            <positionUnits>"m"</positionUnits>
            <orientation>-0.61158,0,-0.791183,0.782776,0.14539,-0.605082,0.11503,-0.989374,-0.0889177</orientation>
            <orientationType>"3x3 Transform"</orientationType>
            <orientationUnits>"rad"</orientationUnits>
            <orientationReferenceFrame>"WORLD"</orientationReferenceFrame>
          </Frame>
          <Frame>
            <name>"CS1"</name>
            <displayName>""</displayName>
            <nodeID>"Link2-1::CS1(AUTOGEN)"</nodeID>
            <position>0.143832,0.648841,0.457249</position>
            <positionOrigin>"WORLD"</positionOrigin>
            <positionReferenceFrame>"WORLD"</positionReferenceFrame>
            <positionUnits>"m"</positionUnits>
            <orientation>-0.61158,0,-0.791183,0.782776,0.14539,-0.605082,0.11503,-0.989374,-0.0889177</orientation>
            <orientationType>"3x3 Transform"</orientationType>
            <orientationUnits>"rad"</orientationUnits>
            <orientationReferenceFrame>"WORLD"</orientationReferenceFrame>
          </Frame>
          <Frame ref="5">
            <name>"CS2"</name>
            <displayName>""</displayName>
            <nodeID>"Link2-1:-:Link3-1::Link2-1(AUTOGEN)"</nodeID>
            <position>0.480177,0.721536,0.0835021</position>
            <positionOrigin>"WORLD"</positionOrigin>
            <positionReferenceFrame>"WORLD"</positionReferenceFrame>
            <positionUnits>"m"</positionUnits>
            <orientation>1,0,0,0,1,0,0,0,1</orientation>
            <orientationType>"3x3 Transform"</orientationType>
            <orientationUnits>"rad"</orientationUnits>
            <orientationReferenceFrame>"WORLD"</orientationReferenceFrame>
          </Frame>
          <Frame ref="10">
            <name>"CS3"</name>
            <displayName>""</displayName>
            <nodeID>"Link1-1:-:Link2-1::Link2-1(AUTOGEN)"</nodeID>
            <position>0.0887895,0.648841,0.386043</position>
            <positionOrigin>"WORLD"</positionOrigin>
            <positionReferenceFrame>"WORLD"</positionReferenceFrame>
            <positionUnits>"m"</positionUnits>
            <orientation>1,0,0,0,1,0,0,0,1</orientation>
            <orientationType>"3x3 Transform"</orientationType>
            <orientationUnits>"rad"</orientationUnits>
            <orientationReferenceFrame>"WORLD"</orientationReferenceFrame>
          </Frame>
        </frames>
        <geometryFileName>"ROBOT4 - Link2-1.STL"</geometryFileName>
        <MaterialProp>
          <color>0,0,1</color>
          <ambient>1</ambient>
          <diffuse>1</diffuse>
          <specular>0.5</specular>
          <shininess>0.4</shininess>
          <transparency>0</transparency>
          <emission>0</emission>
        </MaterialProp>
      </Body>
      <Body>
        <name>"Base-1"</name>
        <nodeID>"Base-1"</nodeID>
        <status>""</status>
        <mass>20.055</mass>
        <massUnits>"kg"</massUnits>
        <inertia>0.425156,1.30045e-005,-3.32729e-005,1.30045e-005,0.499103,-0.0411844,-3.32729e-005,-0.0411844,0.340025</inertia>
        <inertiaUnits>"kg*m^2"</inertiaUnits>
        <volume>0.020055</volume>
        <volumeUnits>"m^3"</volumeUnits>
        <surfaceArea>1.04367</surfaceArea>
        <surfaceAreaUnits>"m^2"</surfaceAreaUnits>
        <frames>
          <Frame>
            <name>"CG"</name>
            <displayName>""</displayName>
            <nodeID>"Base-1::CG(AUTOGEN)"</nodeID>
            <position>0.143839,0.24611,0.488748</position>
            <positionOrigin>"WORLD"</positionOrigin>
            <positionReferenceFrame>"WORLD"</positionReferenceFrame>
            <positionUnits>"m"</positionUnits>
            <orientation>1,0,0,0,1,0,0,0,1</orientation>
            <orientationType>"3x3 Transform"</orientationType>
            <orientationUnits>"rad"</orientationUnits>
            <orientationReferenceFrame>"WORLD"</orientationReferenceFrame>
          </Frame>
          <Frame>
            <name>"CS1"</name>
            <displayName>""</displayName>
            <nodeID>"Base-1::CS1(AUTOGEN)"</nodeID>
            <position>0.143832,0.162841,0.457249</position>
            <positionOrigin>"WORLD"</positionOrigin>
            <positionReferenceFrame>"WORLD"</positionReferenceFrame>
            <positionUnits>"m"</positionUnits>
            <orientation>1,0,0,0,1,0,0,0,1</orientation>
            <orientationType>"3x3 Transform"</orientationType>
            <orientationUnits>"rad"</orientationUnits>
            <orientationReferenceFrame>"WORLD"</orientationReferenceFrame>
          </Frame>
          <Frame ref="2">
            <name>"CS2"</name>
            <displayName>""</displayName>
            <nodeID>"Base-1:-:ROBOT4/RootPart::Base-1(AUTOGEN)"</nodeID>
            <position>0.143839,0.24611,0.488748</position>
            <positionOrigin>"WORLD"</positionOrigin>
            <positionReferenceFrame>"WORLD"</positionReferenceFrame>
            <positionUnits>"m"</positionUnits>
            <orientation>1,0,0,0,1,0,0,0,1</orientation>
            <orientationType>"3x3 Transform"</orientationType>
            <orientationUnits>"rad"</orientationUnits>
            <orientationReferenceFrame>"WORLD"</orientationReferenceFrame>
          </Frame>
          <Frame ref="7">
            <name>"CS3"</name>
            <displayName>""</displayName>
            <nodeID>"Base-1:-:Link1-1::Base-1(AUTOGEN)"</nodeID>
            <position>0.143832,0.312841,0.457249</position>
            <positionOrigin>"WORLD"</positionOrigin>
            <positionReferenceFrame>"WORLD"</positionReferenceFrame>
            <positionUnits>"m"</positionUnits>
            <orientation>1,0,0,0,1,0,0,0,1</orientation>
            <orientationType>"3x3 Transform"</orientationType>
            <orientationUnits>"rad"</orientationUnits>
            <orientationReferenceFrame>"WORLD"</orientationReferenceFrame>
          </Frame>
        </frames>
        <geometryFileName>"ROBOT4 - Base-1.STL"</geometryFileName>
        <MaterialProp>
          <color>0.25098,0.25098,0.25098</color>
          <ambient>1</ambient>
          <diffuse>1</diffuse>
          <specular>0.5</specular>
          <shininess>0.4</shininess>
          <transparency>0</transparency>
          <emission>0</emission>
        </MaterialProp>
      </Body>
      <Body>
        <name>"RootPart"</name>
        <nodeID>"ROBOT4/RootPart"</nodeID>
        <status>""</status>
        <mass>0</mass>
        <massUnits>"kg"</massUnits>
        <inertia>0,0,0,0,0,0,0,0,0</inertia>
        <inertiaUnits>"kg*m^2"</inertiaUnits>
        <volume>0</volume>
        <volumeUnits>"m^3"</volumeUnits>
        <surfaceArea>0</surfaceArea>
        <surfaceAreaUnits>"m^2"</surfaceAreaUnits>
        <frames>
          <Frame>
            <name>"CG"</name>
            <displayName>""</displayName>
            <nodeID>"ROBOT4/RootPart::CG(AUTOGEN)"</nodeID>
            <position>0.288929,0.533635,0.35517</position>
            <positionOrigin>"WORLD"</positionOrigin>
            <positionReferenceFrame>"WORLD"</positionReferenceFrame>
            <positionUnits>"m"</positionUnits>
            <orientation>1,0,0,0,1,0,0,0,1</orientation>
            <orientationType>"3x3 Transform"</orientationType>
            <orientationUnits>"rad"</orientationUnits>
            <orientationReferenceFrame>"WORLD"</orientationReferenceFrame>
          </Frame>
          <Frame>
            <name>"CS1"</name>
            <displayName>""</displayName>
            <nodeID>"ROBOT4/RootPart::CS1(AUTOGEN)"</nodeID>
            <position>0,0,0</position>
            <positionOrigin>"WORLD"</positionOrigin>
            <positionReferenceFrame>"WORLD"</positionReferenceFrame>
            <positionUnits>"m"</positionUnits>
            <orientation>1,0,0,0,1,0,0,0,1</orientation>
            <orientationType>"3x3 Transform"</orientationType>
            <orientationUnits>"rad"</orientationUnits>
            <orientationReferenceFrame>"WORLD"</orientationReferenceFrame>
          </Frame>
          <Frame ref="1">
            <name>"CS2"</name>
            <displayName>""</displayName>
            <nodeID>"Base-1:-:ROBOT4/RootPart::ROBOT4/RootPart(AUTOGEN)"</nodeID>
            <position>0.143839,0.24611,0.488748</position>
            <positionOrigin>"WORLD"</positionOrigin>
            <positionReferenceFrame>"WORLD"</positionReferenceFrame>
            <positionUnits>"m"</positionUnits>
            <orientation>1,0,0,0,1,0,0,0,1</orientation>
            <orientationType>"3x3 Transform"</orientationType>
            <orientationUnits>"rad"</orientationUnits>
            <orientationReferenceFrame>"WORLD"</orientationReferenceFrame>
          </Frame>
          <Frame ref="12">
            <name>"CS3"</name>
            <displayName>""</displayName>
            <nodeID>"ROBOT4/RootPart:-:RootGround::ROBOT4/RootPart(AUTOGEN)"</nodeID>
            <position>0.288929,0.533635,0.35517</position>
            <positionOrigin>"WORLD"</positionOrigin>
            <positionReferenceFrame>"WORLD"</positionReferenceFrame>
            <positionUnits>"m"</positionUnits>
            <orientation>1,0,0,0,1,0,0,0,1</orientation>
            <orientationType>"3x3 Transform"</orientationType>
            <orientationUnits>"rad"</orientationUnits>
            <orientationReferenceFrame>"WORLD"</orientationReferenceFrame>
          </Frame>
        </frames>
        <geometryFileName>""</geometryFileName>
      </Body>
      <Body>
        <name>"Link1-1"</name>
        <nodeID>"Link1-1"</nodeID>
        <status>""</status>
        <mass>14.5082</mass>
        <massUnits>"kg"</massUnits>
        <inertia>0.281196,-1.21205e-009,1.25074e-009,-1.21205e-009,0.109377,0,1.25074e-009,0,0.307869</inertia>
        <inertiaUnits>"kg*m^2"</inertiaUnits>
        <volume>0.0145082</volume>
        <volumeUnits>"m^3"</volumeUnits>
        <surfaceArea>0.552624</surfaceArea>
        <surfaceAreaUnits>"m^2"</surfaceAreaUnits>
        <frames>
          <Frame>
            <name>"CG"</name>
            <displayName>""</displayName>
            <nodeID>"Link1-1::CG(AUTOGEN)"</nodeID>
            <position>0.143832,0.525874,0.457249</position>
            <positionOrigin>"WORLD"</positionOrigin>
            <positionReferenceFrame>"WORLD"</positionReferenceFrame>
            <positionUnits>"m"</positionUnits>
            <orientation>0.791183,0,-0.61158,0,1,0,0.61158,0,0.791183</orientation>
            <orientationType>"3x3 Transform"</orientationType>
            <orientationUnits>"rad"</orientationUnits>
            <orientationReferenceFrame>"WORLD"</orientationReferenceFrame>
          </Frame>
          <Frame>
            <name>"CS1"</name>
            <displayName>""</displayName>
            <nodeID>"Link1-1::CS1(AUTOGEN)"</nodeID>
            <position>0.143832,0.312841,0.457249</position>
            <positionOrigin>"WORLD"</positionOrigin>
            <positionReferenceFrame>"WORLD"</positionReferenceFrame>
            <positionUnits>"m"</positionUnits>
            <orientation>0.791183,0,-0.61158,0,1,0,0.61158,0,0.791183</orientation>
            <orientationType>"3x3 Transform"</orientationType>
            <orientationUnits>"rad"</orientationUnits>
            <orientationReferenceFrame>"WORLD"</orientationReferenceFrame>
          </Frame>
          <Frame ref="8">
            <name>"CS2"</name>
            <displayName>""</displayName>
            <nodeID>"Base-1:-:Link1-1::Link1-1(AUTOGEN)"</nodeID>
            <position>0.143832,0.312841,0.457249</position>
            <positionOrigin>"WORLD"</positionOrigin>
            <positionReferenceFrame>"WORLD"</positionReferenceFrame>
            <positionUnits>"m"</positionUnits>
            <orientation>1,0,0,0,1,0,0,0,1</orientation>
            <orientationType>"3x3 Transform"</orientationType>
            <orientationUnits>"rad"</orientationUnits>
            <orientationReferenceFrame>"WORLD"</orientationReferenceFrame>
          </Frame>
          <Frame ref="9">
            <name>"CS3"</name>
            <displayName>""</displayName>
            <nodeID>"Link1-1:-:Link2-1::Link1-1(AUTOGEN)"</nodeID>
            <position>0.0887895,0.648841,0.386043</position>
            <positionOrigin>"WORLD"</positionOrigin>
            <positionReferenceFrame>"WORLD"</positionReferenceFrame>
            <positionUnits>"m"</positionUnits>
            <orientation>1,0,0,0,1,0,0,0,1</orientation>
            <orientationType>"3x3 Transform"</orientationType>
            <orientationUnits>"rad"</orientationUnits>
            <orientationReferenceFrame>"WORLD"</orientationReferenceFrame>
          </Frame>
        </frames>
        <geometryFileName>"ROBOT4 - Link1-1.STL"</geometryFileName>
        <MaterialProp>
          <color>0,0,1</color>
          <ambient>1</ambient>
          <diffuse>1</diffuse>
          <specular>0.5</specular>
          <shininess>0.4</shininess>
          <transparency>0</transparency>
          <emission>0</emission>
        </MaterialProp>
      </Body>
      <Body>
        <name>"Link4-1"</name>
        <nodeID>"Link4-1"</nodeID>
        <status>""</status>
        <mass>1.35899</mass>
        <massUnits>"kg"</massUnits>
        <inertia>0.00780395,1.96668e-009,2.46591e-009,1.96668e-009,0.00251605,2.02055e-009,2.46591e-009,2.02055e-009,0.00833468</inertia>
        <inertiaUnits>"kg*m^2"</inertiaUnits>
        <volume>0.00135899</volume>
        <volumeUnits>"m^3"</volumeUnits>
        <surfaceArea>0.1217</surfaceArea>
        <surfaceAreaUnits>"m^2"</surfaceAreaUnits>
        <frames>
          <Frame>
            <name>"CG"</name>
            <displayName>""</displayName>
            <nodeID>"Link4-1::CG(AUTOGEN)"</nodeID>
            <position>0.857915,0.812027,-0.0947335</position>
            <positionOrigin>"WORLD"</positionOrigin>
            <positionReferenceFrame>"WORLD"</positionReferenceFrame>
            <positionUnits>"m"</positionUnits>
            <orientation>-0.432065,-0.83772,0.333984,-0.662789,0.5461,0.512333,-0.61158,0,-0.791183</orientation>
            <orientationType>"3x3 Transform"</orientationType>
            <orientationUnits>"rad"</orientationUnits>
            <orientationReferenceFrame>"WORLD"</orientationReferenceFrame>
          </Frame>
          <Frame>
            <name>"CS1"</name>
            <displayName>""</displayName>
            <nodeID>"Link4-1::CS1(AUTOGEN)"</nodeID>
            <position>0.940273,0.744169,-0.158395</position>
            <positionOrigin>"WORLD"</positionOrigin>
            <positionReferenceFrame>"WORLD"</positionReferenceFrame>
            <positionUnits>"m"</positionUnits>
            <orientation>-0.432065,-0.83772,0.333984,-0.662789,0.5461,0.512333,-0.61158,0,-0.791183</orientation>
            <orientationType>"3x3 Transform"</orientationType>
            <orientationUnits>"rad"</orientationUnits>
            <orientationReferenceFrame>"WORLD"</orientationReferenceFrame>
          </Frame>
          <Frame ref="4">
            <name>"CS2"</name>
            <displayName>""</displayName>
            <nodeID>"Link3-1:-:Link4-1::Link4-1(AUTOGEN)"</nodeID>
            <position>0.891317,0.809701,-0.0573564</position>
            <positionOrigin>"WORLD"</positionOrigin>
            <positionReferenceFrame>"WORLD"</positionReferenceFrame>
            <positionUnits>"m"</positionUnits>
            <orientation>1,0,0,0,1,0,0,0,1</orientation>
            <orientationType>"3x3 Transform"</orientationType>
            <orientationUnits>"rad"</orientationUnits>
            <orientationReferenceFrame>"WORLD"</orientationReferenceFrame>
          </Frame>
        </frames>
        <geometryFileName>"ROBOT4 - Link4-1.STL"</geometryFileName>
        <MaterialProp>
          <color>1,1,1</color>
          <ambient>1</ambient>
          <diffuse>1</diffuse>
          <specular>0.5</specular>
          <shininess>0.4</shininess>
          <transparency>0</transparency>
          <emission>0</emission>
        </MaterialProp>
      </Body>
      <Body>
        <name>"Link3-1"</name>
        <nodeID>"Link3-1"</nodeID>
        <status>""</status>
        <mass>11.44</mass>
        <massUnits>"kg"</massUnits>
        <inertia>0.316807,0,0,0,0.0703346,0.0335673,0,0.0335673,0.293359</inertia>
        <inertiaUnits>"kg*m^2"</inertiaUnits>
        <volume>0.01144</volume>
        <volumeUnits>"m^3"</volumeUnits>
        <surfaceArea>0.554371</surfaceArea>
        <surfaceAreaUnits>"m^2"</surfaceAreaUnits>
        <frames>
          <Frame>
            <name>"CG"</name>
            <displayName>""</displayName>
            <nodeID>"Link3-1::CG(AUTOGEN)"</nodeID>
            <position>0.65417,0.825127,0.0627608</position>
            <positionOrigin>"WORLD"</positionOrigin>
            <positionReferenceFrame>"WORLD"</positionReferenceFrame>
            <positionUnits>"m"</positionUnits>
            <orientation>-0.61158,0,-0.791183,0.783362,-0.140256,-0.605535,-0.110968,-0.990115,0.0857777</orientation>
            <orientationType>"3x3 Transform"</orientationType>
            <orientationUnits>"rad"</orientationUnits>
            <orientationReferenceFrame>"WORLD"</orientationReferenceFrame>
          </Frame>
          <Frame>
            <name>"CS1"</name>
            <displayName>""</displayName>
            <nodeID>"Link3-1::CS1(AUTOGEN)"</nodeID>
            <position>0.53522,0.721536,0.154709</position>
            <positionOrigin>"WORLD"</positionOrigin>
            <positionReferenceFrame>"WORLD"</positionReferenceFrame>
            <positionUnits>"m"</positionUnits>
            <orientation>-0.61158,0,-0.791183,0.783362,-0.140256,-0.605535,-0.110968,-0.990115,0.0857777</orientation>
            <orientationType>"3x3 Transform"</orientationType>
            <orientationUnits>"rad"</orientationUnits>
            <orientationReferenceFrame>"WORLD"</orientationReferenceFrame>
          </Frame>
          <Frame ref="3">
            <name>"CS2"</name>
            <displayName>""</displayName>
            <nodeID>"Link3-1:-:Link4-1::Link3-1(AUTOGEN)"</nodeID>
            <position>0.891317,0.809701,-0.0573564</position>
            <positionOrigin>"WORLD"</positionOrigin>
            <positionReferenceFrame>"WORLD"</positionReferenceFrame>
            <positionUnits>"m"</positionUnits>
            <orientation>1,0,0,0,1,0,0,0,1</orientation>
            <orientationType>"3x3 Transform"</orientationType>
            <orientationUnits>"rad"</orientationUnits>
            <orientationReferenceFrame>"WORLD"</orientationReferenceFrame>
          </Frame>
          <Frame ref="6">
            <name>"CS3"</name>
            <displayName>""</displayName>
            <nodeID>"Link2-1:-:Link3-1::Link3-1(AUTOGEN)"</nodeID>
            <position>0.480177,0.721536,0.0835021</position>
            <positionOrigin>"WORLD"</positionOrigin>
            <positionReferenceFrame>"WORLD"</positionReferenceFrame>
            <positionUnits>"m"</positionUnits>
            <orientation>1,0,0,0,1,0,0,0,1</orientation>
            <orientationType>"3x3 Transform"</orientationType>
            <orientationUnits>"rad"</orientationUnits>
            <orientationReferenceFrame>"WORLD"</orientationReferenceFrame>
          </Frame>
        </frames>
        <geometryFileName>"ROBOT4 - Link3-1.STL"</geometryFileName>
        <MaterialProp>
          <color>0,0,1</color>
          <ambient>1</ambient>
          <diffuse>1</diffuse>
          <specular>0.5</specular>
          <shininess>0.4</shininess>
          <transparency>0</transparency>
          <emission>0</emission>
        </MaterialProp>
      </Body>
    </bodies>
    <joints>
      <SimpleJoint>
        <name>"RootPart--Base-1"</name>
        <nodeID>"Base-1:-:ROBOT4/RootPart"</nodeID>
        <status>""</status>
        <base>
          <JointSide>
            <name>""</name>
            <connection>
              <Frame ref="1"></Frame>
            </connection>
          </JointSide>
        </base>
        <follower>
          <JointSide>
            <name>""</name>
            <connection>
              <Frame ref="2"></Frame>
            </connection>
          </JointSide>
        </follower>
        <primitives>
          <Primitive>
            <name>"weld"</name>
            <nodeID>""</nodeID>
            <referenceFrame>"WORLD"</referenceFrame>
            <axis>0.57735,0.57735,0.57735</axis>
          </Primitive>
        </primitives>
      </SimpleJoint>
      <SimpleJoint>
        <name>"Link3-1--Link4-1"</name>
        <nodeID>"Link3-1:-:Link4-1"</nodeID>
        <status>""</status>
        <base>
          <JointSide>
            <name>""</name>
            <connection>
              <Frame ref="3"></Frame>
            </connection>
          </JointSide>
        </base>
        <follower>
          <JointSide>
            <name>""</name>
            <connection>
              <Frame ref="4"></Frame>
            </connection>
          </JointSide>
        </follower>
        <primitives>
          <Primitive>
            <name>"revolute"</name>
            <nodeID>""</nodeID>
            <referenceFrame>"WORLD"</referenceFrame>
            <axis>-0.61158,0,-0.791183</axis>
          </Primitive>
        </primitives>
      </SimpleJoint>
      <SimpleJoint>
        <name>"Link2-1--Link3-1"</name>
        <nodeID>"Link2-1:-:Link3-1"</nodeID>
        <status>""</status>
        <base>
          <JointSide>
            <name>""</name>
            <connection>
              <Frame ref="5"></Frame>
            </connection>
          </JointSide>
        </base>
        <follower>
          <JointSide>
            <name>""</name>
            <connection>
              <Frame ref="6"></Frame>
            </connection>
          </JointSide>
        </follower>
        <primitives>
          <Primitive>
            <name>"revolute"</name>
            <nodeID>""</nodeID>
            <referenceFrame>"WORLD"</referenceFrame>
            <axis>0.61158,0,0.791183</axis>
          </Primitive>
        </primitives>
      </SimpleJoint>
      <SimpleJoint>
        <name>"Base-1--Link1-1"</name>
        <nodeID>"Base-1:-:Link1-1"</nodeID>
        <status>""</status>
        <base>
          <JointSide>
            <name>""</name>
            <connection>
              <Frame ref="7"></Frame>
            </connection>
          </JointSide>
        </base>
        <follower>
          <JointSide>
            <name>""</name>
            <connection>
              <Frame ref="8"></Frame>
            </connection>
          </JointSide>
        </follower>
        <primitives>
          <Primitive>
            <name>"revolute"</name>
            <nodeID>""</nodeID>
            <referenceFrame>"WORLD"</referenceFrame>
            <axis>0,1,0</axis>
          </Primitive>
        </primitives>
      </SimpleJoint>
      <SimpleJoint>
        <name>"Link1-1--Link2-1"</name>
        <nodeID>"Link1-1:-:Link2-1"</nodeID>
        <status>""</status>
        <base>
          <JointSide>
            <name>""</name>
            <connection>
              <Frame ref="9"></Frame>
            </connection>
          </JointSide>
        </base>
        <follower>
          <JointSide>
            <name>""</name>
            <connection>
              <Frame ref="10"></Frame>
            </connection>
          </JointSide>
        </follower>
        <primitives>
          <Primitive>
            <name>"revolute"</name>
            <nodeID>""</nodeID>
            <referenceFrame>"WORLD"</referenceFrame>
            <axis>-0.61158,0,-0.791183</axis>
          </Primitive>
        </primitives>
      </SimpleJoint>
      <SimpleJoint>
        <name>"RootGround--RootPart"</name>
        <nodeID>"ROBOT4/RootPart:-:RootGround"</nodeID>
        <status>""</status>
        <base>
          <JointSide>
            <name>""</name>
            <connection>
              <Frame ref="11"></Frame>
            </connection>
          </JointSide>
        </base>
        <follower>
          <JointSide>
            <name>""</name>
            <connection>
              <Frame ref="12"></Frame>
            </connection>
          </JointSide>
        </follower>
        <primitives>
          <Primitive>
            <name>"weld"</name>
            <nodeID>""</nodeID>
            <referenceFrame>"WORLD"</referenceFrame>
            <axis>0.57735,0.57735,0.57735</axis>
          </Primitive>
        </primitives>
      </SimpleJoint>
    </joints>
    <grounds>
      <Ground>
        <name>"RootGround"</name>
        <nodeID>"RootGround"</nodeID>
        <status>""</status>
        <frame>
          <Frame ref="11">
            <name>"CS1"</name>
            <displayName>""</displayName>
            <nodeID>"ROBOT4/RootPart:-:RootGround::RootGround(AUTOGEN)"</nodeID>
            <position>0.288929,0.533635,0.35517</position>
            <positionOrigin>"WORLD"</positionOrigin>
            <positionReferenceFrame>"WORLD"</positionReferenceFrame>
            <positionUnits>"m"</positionUnits>
            <orientation>1,0,0,0,1,0,0,0,1</orientation>
            <orientationType>"3x3 Transform"</orientationType>
            <orientationUnits>"rad"</orientationUnits>
            <orientationReferenceFrame>"WORLD"</orientationReferenceFrame>
          </Frame>
        </frame>
      </Ground>
    </grounds>
    <subsystems></subsystems>
    <connectionPorts></connectionPorts>
    <id>0</id>
  </SimscapeMultibody>

</PhysicalModelingXMLFile>
