<?xml version="1.0" encoding="UTF-8" standalone="no" ?>
<SimscapeMultibodyImportXML version="2.0" xmlns="urn:mathworks:SimscapeMultibody:import" xmlns:xsi="http://www.w3.org/2001/XMLSchema-instance">
<Created by="" on="05/22/19||23:54:54" using="Simscape Multibody Link Version 4.8" from="SolidWorks 25.2.0"/>
<ModelUnits mass="kilogram" length="millimeter"/>
<DataUnits mass="kilogram" length="meter"/>
<RootAssembly name="jixie" uid="jixie" version="164">
<AssemblyFile name="jixie.SLDASM" type="SolidWorks Assembly"/>
<InstanceTree>
<Instance name="底座-1" uid="底座-1" grounded="true" entityUid="底座*:*默认">
<Transform>
<Rotation>1 0 0 0 1 0 0 0 1</Rotation>
<Translation>-0.0320753625280773 -0.25151866705165649 0.80000000000000004</Translation>
</Transform>
</Instance>
<Instance name="4-1" uid="4-1" entityUid="4*:*默认">
<Transform>
<Rotation>-0.47046538910936314 0.87491788273495497 0.11480860647512153 -0.66981242771575922 -0.26937653444533416 -0.69194479141600773 -0.57446812733840713 -0.40243630696149374 0.71276320718138786</Rotation>
<Translation>0.80342529936836848 1.173690200025038 0.49686520339353907</Translation>
</Transform>
</Instance>
<Instance name="1-1" uid="1-1" entityUid="1*:*默认">
<Transform>
<Rotation>-0.4178833945273176 0 0.90850067065375706 0 1 0 -0.90850067065375706 0 -0.4178833945273176</Rotation>
<Translation>-0.032075362528077481 0.083481332948343451 0.80000000000000004</Translation>
</Transform>
</Instance>
<Instance name="2-1" uid="2-1" entityUid="2*:*默认">
<Transform>
<Rotation>0.77069734274268231 -0.41788339452731715 -0.48103957682055148 0.52948731064160315 -1.6724902712761391e-015 0.84831785780420932 -0.35449794605736568 -0.90850067065375717 0.221263954730052</Rotation>
<Translation>-0.29354328132124158 0.59773575730728457 1.0564739858752714</Translation>
</Transform>
</Instance>
<Instance name="3-1" uid="3-1" entityUid="3*:*默认">
<Transform>
<Rotation>0.87491788273495519 0.2447287622019709 0.41788339452731899 -0.26937653444533438 0.96303493326577794 4.1633363423443346e-016 -0.40243630696149335 -0.11256798062002196 0.90850067065375639</Rotation>
<Translation>0.58532635657197229 1.2331205300772079 0.53114137683452023</Translation>
</Transform>
</Instance>
<Instance name="5-1" uid="5-1" entityUid="5*:*默认">
<Transform>
<Rotation>0.55618268264748638 0.4704653891093632 0.68507163214748634 0.28033403342022267 0.66981242771575955 -0.68757846198369976 -0.78235136174828435 0.5744681273384068 0.24065061280393441</Rotation>
<Translation>1.4317158525504414 0.93951406047747654 0.16832674834030587</Translation>
</Transform>
</Instance>
<Instance name="6-1" uid="6-1" entityUid="6*:*默认">
<Transform>
<Rotation>0.8308941626998626 -0.55618268264748771 -0.01660463532686221 -0.2063836910249556 -0.28033403342022173 -0.93745325311999717 0.51674042078224325 0.78235136174828368 -0.34771494690392046</Rotation>
<Translation>1.5258743227021403 1.0086071041076328 0.097691531765194115</Translation>
</Transform>
</Instance>
</InstanceTree>
<Constraints>
<Concentric name="同心1">
<ConstraintGeometry geomType="cylinder">
<InstancePath>
<Uid>底座-1</Uid>
</InstancePath>
<Position>0 0.38499999999999995 0</Position>
<Axis>0 -1 0</Axis>
</ConstraintGeometry>
<ConstraintGeometry geomType="cylinder">
<InstancePath>
<Uid>1-1</Uid>
</InstancePath>
<Position>0 0.050000000000000017 0</Position>
<Axis>0 -1 0</Axis>
</ConstraintGeometry>
</Concentric>
<Coincident name="重合1">
<ConstraintGeometry geomType="plane">
<InstancePath>
<Uid>底座-1</Uid>
</InstancePath>
<Position>0 0.38499999999999995 0</Position>
<Axis>0 1 0</Axis>
</ConstraintGeometry>
<ConstraintGeometry geomType="plane">
<InstancePath>
<Uid>1-1</Uid>
</InstancePath>
<Position>0 0.050000000000000017 0</Position>
<Axis>0 -1 0</Axis>
</ConstraintGeometry>
</Coincident>
<Coincident name="重合2">
<ConstraintGeometry geomType="plane">
<InstancePath>
<Uid>1-1</Uid>
</InstancePath>
<Position>-0.12374368670764579 0.51425442435894086 -0.3447199994035417</Position>
<Axis>-1.0000000000000002 0 0</Axis>
</ConstraintGeometry>
<ConstraintGeometry geomType="plane">
<InstancePath>
<Uid>2-1</Uid>
</InstancePath>
<Position>0 0 0</Position>
<Axis>0 1 0</Axis>
</ConstraintGeometry>
</Coincident>
<Concentric name="同心2">
<ConstraintGeometry geomType="cylinder">
<InstancePath>
<Uid>1-1</Uid>
</InstancePath>
<Position>-0.12374368670764579 0.51425442435894086 -0.3447199994035417</Position>
<Axis>1.0000000000000002 0 0</Axis>
</ConstraintGeometry>
<ConstraintGeometry geomType="cylinder">
<InstancePath>
<Uid>2-1</Uid>
</InstancePath>
<Position>0 0.10999999999999999 0</Position>
<Axis>0 -1 0</Axis>
</ConstraintGeometry>
</Concentric>
<Concentric name="同心3">
<ConstraintGeometry geomType="cylinder">
<InstancePath>
<Uid>2-1</Uid>
</InstancePath>
<Position>1.2 0.10999999999999999 -1.1102230246251565e-016</Position>
<Axis>0 -1 0</Axis>
</ConstraintGeometry>
<ConstraintGeometry geomType="cylinder">
<InstancePath>
<Uid>3-1</Uid>
</InstancePath>
<Position>0 -2.2204460492503131e-016 0.11999999999999988</Position>
<Axis>-1.6653345369377348e-016 0 -0.99999999999999978</Axis>
</ConstraintGeometry>
</Concentric>
<Coincident name="重合3">
<ConstraintGeometry geomType="plane">
<InstancePath>
<Uid>2-1</Uid>
</InstancePath>
<Position>0 -0.0099999999999998979 0</Position>
<Axis>0 -1 0</Axis>
</ConstraintGeometry>
<ConstraintGeometry geomType="plane">
<InstancePath>
<Uid>3-1</Uid>
</InstancePath>
<Position>0 -2.2204460492503131e-016 0.11999999999999988</Position>
<Axis>-1.6653345369377348e-016 0 -0.99999999999999978</Axis>
</ConstraintGeometry>
</Coincident>
<Concentric name="同心4">
<ConstraintGeometry geomType="cylinder">
<InstancePath>
<Uid>3-1</Uid>
</InstancePath>
<Position>0.23562177826491104 0 0.059999999999999831</Position>
<Axis>-0.99999999999999989 0 0</Axis>
</ConstraintGeometry>
<ConstraintGeometry geomType="cylinder">
<InstancePath>
<Uid>4-1</Uid>
</InstancePath>
<Position>0 0.015000000000000013 0</Position>
<Axis>0 -1.0000000000000002 0</Axis>
</ConstraintGeometry>
</Concentric>
<Coincident name="重合4">
<ConstraintGeometry geomType="plane">
<InstancePath>
<Uid>3-1</Uid>
</InstancePath>
<Position>0.23562177826491104 0 0.059999999999999831</Position>
<Axis>0.99999999999999989 0 0</Axis>
</ConstraintGeometry>
<ConstraintGeometry geomType="plane">
<InstancePath>
<Uid>4-1</Uid>
</InstancePath>
<Position>0 0.015000000000000013 0</Position>
<Axis>0 -1.0000000000000002 0</Axis>
</ConstraintGeometry>
</Coincident>
<Concentric name="同心5">
<ConstraintGeometry geomType="cylinder">
<InstancePath>
<Uid>4-1</Uid>
</InstancePath>
<Position>-0.050000000000000044 0.74500000000000033 0</Position>
<Axis>1 0 0</Axis>
</ConstraintGeometry>
<ConstraintGeometry geomType="cylinder">
<InstancePath>
<Uid>5-1</Uid>
</InstancePath>
<Position>0 0.099999999999999867 -1.6653345369377348e-016</Position>
<Axis>0 -1 0</Axis>
</ConstraintGeometry>
</Concentric>
<Coincident name="重合5">
<ConstraintGeometry geomType="plane">
<InstancePath>
<Uid>4-1</Uid>
</InstancePath>
<Position>0.050000000000000044 0.74500000000000033 1.1102230246251565e-016</Position>
<Axis>1 0 0</Axis>
</ConstraintGeometry>
<ConstraintGeometry geomType="plane">
<InstancePath>
<Uid>5-1</Uid>
</InstancePath>
<Position>0 0 0</Position>
<Axis>0 1 0</Axis>
</ConstraintGeometry>
</Coincident>
<Concentric name="同心6">
<ConstraintGeometry geomType="cylinder">
<InstancePath>
<Uid>5-1</Uid>
</InstancePath>
<Position>0.12699999999999978 0.049999999999999822 -1.1102230246251565e-016</Position>
<Axis>-1 0 0</Axis>
</ConstraintGeometry>
<ConstraintGeometry geomType="cylinder">
<InstancePath>
<Uid>6-1</Uid>
</InstancePath>
<Position>0 0.010000000000000009 0</Position>
<Axis>0 -1 0</Axis>
</ConstraintGeometry>
</Concentric>
<Coincident name="重合6">
<ConstraintGeometry geomType="plane">
<InstancePath>
<Uid>5-1</Uid>
</InstancePath>
<Position>0.12699999999999978 0.049999999999999822 -1.1102230246251565e-016</Position>
<Axis>1 0 0</Axis>
</ConstraintGeometry>
<ConstraintGeometry geomType="plane">
<InstancePath>
<Uid>6-1</Uid>
</InstancePath>
<Position>0 0 0</Position>
<Axis>0 1 0</Axis>
</ConstraintGeometry>
</Coincident>
</Constraints>
</RootAssembly>
<Assemblies>
</Assemblies>
<Parts>
<Part name="1" uid="1*:*默认" version="203">
<ModelUnits mass="kilogram" length="millimeter"/>
<PartFile name="1.SLDPRT" type="SolidWorks Part"/>
<MassProperties>
<Mass>74.265673303528374</Mass>
<CenterOfMass>0.00376630023647804 0.20714036712507036 -0.12394047659543837</CenterOfMass>
<Inertia>3.8544684351378509 3.5908686209095322 2.7246732390787347 1.2581889643331392 0.061758183962214871 -0.08565115752253008</Inertia>
</MassProperties>
<GeometryFile name="1_默认_sldprt.STEP" type="STEP"/>
<VisualProperties>
<Ambient r="1" g="1" b="1" a="1"/>
<Diffuse r="1" g="1" b="1" a="1"/>
<Specular r="0.88" g="0.88" b="0.88" a="1"/>
<Emissive r="0.20999999999999999" g="0.20999999999999999" b="0.20999999999999999" a="1"/>
<Shininess>0.20999999999999999</Shininess>
</VisualProperties>
</Part>
<Part name="2" uid="2*:*默认" version="191">
<ModelUnits mass="kilogram" length="millimeter"/>
<PartFile name="2.SLDPRT" type="SolidWorks Part"/>
<MassProperties>
<Mass>22.779984093040902</Mass>
<CenterOfMass>0.50847702150191587 0.050195609662872252 -3.7146191693708527e-011</CenterOfMass>
<Inertia>0.079769005869794213 3.3535133581569725 3.3296882220735409 7.533198813948864e-011 -1.1450759653032557e-010 0.0022718459569631608</Inertia>
</MassProperties>
<GeometryFile name="2_默认_sldprt.STEP" type="STEP"/>
<VisualProperties>
<Ambient r="1" g="1" b="1" a="1"/>
<Diffuse r="1" g="1" b="1" a="1"/>
<Specular r="0.88" g="0.88" b="0.88" a="1"/>
<Emissive r="0.20999999999999999" g="0.20999999999999999" b="0.20999999999999999" a="1"/>
<Shininess>0.20999999999999999</Shininess>
</VisualProperties>
</Part>
<Part name="3" uid="3*:*默认" version="169">
<ModelUnits mass="kilogram" length="millimeter"/>
<PartFile name="3.SLDPRT" type="SolidWorks Part"/>
<MassProperties>
<Mass>1.7133185005737221</Mass>
<CenterOfMass>0.07846157871049711 0 0.060000000000000005</CenterOfMass>
<Inertia>0.0047015353764789753 0.016670096407597375 0.014200642803302965 0 0 0</Inertia>
</MassProperties>
<GeometryFile name="3_默认_sldprt.STEP" type="STEP"/>
<VisualProperties>
<Ambient r="1" g="1" b="1" a="1"/>
<Diffuse r="1" g="1" b="1" a="1"/>
<Specular r="0.88" g="0.88" b="0.88" a="1"/>
<Emissive r="0.20999999999999999" g="0.20999999999999999" b="0.20999999999999999" a="1"/>
<Shininess>0.20999999999999999</Shininess>
</VisualProperties>
</Part>
<Part name="4" uid="4*:*默认" version="286">
<ModelUnits mass="kilogram" length="millimeter"/>
<PartFile name="4.SLDPRT" type="SolidWorks Part"/>
<MassProperties>
<Mass>4.1224071960421229</Mass>
<CenterOfMass>2.3134622828927416e-008 0.39354021613961315 2.7878536754641428e-007</CenterOfMass>
<Inertia>0.22333739718671589 0.0038019509289885264 0.22349386343616742 1.5617034447519635e-008 -1.729990033535751e-008 1.297742753455438e-009</Inertia>
</MassProperties>
<GeometryFile name="4_默认_sldprt.STEP" type="STEP"/>
<VisualProperties>
<Ambient r="1" g="1" b="1" a="1"/>
<Diffuse r="1" g="1" b="1" a="1"/>
<Specular r="0.88" g="0.88" b="0.88" a="1"/>
<Emissive r="0.20999999999999999" g="0.20999999999999999" b="0.20999999999999999" a="1"/>
<Shininess>0.20999999999999999</Shininess>
</VisualProperties>
</Part>
<Part name="5" uid="5*:*默认" version="328">
<ModelUnits mass="kilogram" length="millimeter"/>
<PartFile name="5.SLDPRT" type="SolidWorks Part"/>
<MassProperties>
<Mass>0.30264998342060556</Mass>
<CenterOfMass>0.044168758007579148 0.050000000000000003 0</CenterOfMass>
<Inertia>0.0005202352203378753 0.0010399701018427197 0.0012904820168311473 0 0 0</Inertia>
</MassProperties>
<GeometryFile name="5_默认_sldprt.STEP" type="STEP"/>
<VisualProperties>
<Ambient r="1" g="1" b="1" a="1"/>
<Diffuse r="1" g="1" b="1" a="1"/>
<Specular r="0.88" g="0.88" b="0.88" a="1"/>
<Emissive r="0.20999999999999999" g="0.20999999999999999" b="0.20999999999999999" a="1"/>
<Shininess>0.20999999999999999</Shininess>
</VisualProperties>
</Part>
<Part name="6" uid="6*:*默认" version="193">
<ModelUnits mass="kilogram" length="millimeter"/>
<PartFile name="6.SLDPRT" type="SolidWorks Part"/>
<MassProperties>
<Mass>0.95053975605103835</Mass>
<CenterOfMass>0 -0.050612041081859231 0</CenterOfMass>
<Inertia>0.0017843541877371404 0.0094345373920599919 0.010186401272792866 0 0 0</Inertia>
</MassProperties>
<GeometryFile name="6_默认_sldprt.STEP" type="STEP"/>
<VisualProperties>
<Ambient r="1" g="1" b="1" a="1"/>
<Diffuse r="1" g="1" b="1" a="1"/>
<Specular r="0.88" g="0.88" b="0.88" a="1"/>
<Emissive r="0.20999999999999999" g="0.20999999999999999" b="0.20999999999999999" a="1"/>
<Shininess>0.20999999999999999</Shininess>
</VisualProperties>
</Part>
<Part name="底座" uid="底座*:*默认" version="944">
<ModelUnits mass="kilogram" length="millimeter"/>
<PartFile name="底座.SLDPRT" type="SolidWorks Part"/>
<MassProperties>
<Mass>56.699869327575989</Mass>
<CenterOfMass>0 0.19048973749065296 0</CenterOfMass>
<Inertia>2.8481837188985422 3.9786404096453909 2.8481837189436052 0 0 0</Inertia>
</MassProperties>
<GeometryFile name="底座_默认_sldprt.STEP" type="STEP"/>
<VisualProperties>
<Ambient r="1" g="1" b="1" a="1"/>
<Diffuse r="1" g="1" b="1" a="1"/>
<Specular r="0.88" g="0.88" b="0.88" a="1"/>
<Emissive r="0.20999999999999999" g="0.20999999999999999" b="0.20999999999999999" a="1"/>
<Shininess>0.20999999999999999</Shininess>
</VisualProperties>
</Part>
</Parts>
</SimscapeMultibodyImportXML>
